6a124687-571f-11ee-a1ac-b05cda909d91.jpg,[]
6b59ed97-571f-11ee-8358-b05cda909d91.jpg,[]
6c9fe764-571f-11ee-861c-b05cda909d91.jpg,[]
6dd1a2d3-571f-11ee-aa15-b05cda909d91.jpg,[]
6f1c0422-571f-11ee-b112-b05cda909d91.jpg,[]
70f41619-571f-11ee-bc4a-b05cda909d91.jpg,[]
7227a71b-571f-11ee-9af6-b05cda909d91.jpg,[]
73a0e580-571f-11ee-9744-b05cda909d91.jpg,[]
7547a8f4-571f-11ee-9a9f-b05cda909d91.jpg,[]
76a279e2-571f-11ee-8127-b05cda909d91.jpg,[]
780be800-571f-11ee-b333-b05cda909d91.jpg,[]
799bd67a-571f-11ee-8548-b05cda909d91.jpg,[]
7ad07bc2-571f-11ee-aae3-b05cda909d91.jpg,[]
7c745419-571f-11ee-9358-b05cda909d91.jpg,[]
7dced853-571f-11ee-9f8b-b05cda909d91.jpg,[]
7f6e7382-571f-11ee-98d7-b05cda909d91.jpg,[]
80fa6efa-571f-11ee-8c10-b05cda909d91.jpg,[]
8227e78d-571f-11ee-aada-b05cda909d91.jpg,[]
83d1192c-571f-11ee-ac2a-b05cda909d91.jpg,[]
85040e5b-571f-11ee-8455-b05cda909d91.jpg,[]
865e4253-571f-11ee-94be-b05cda909d91.jpg,[]
88276944-571f-11ee-a838-b05cda909d91.jpg,[]
89632fd6-571f-11ee-bb5f-b05cda909d91.jpg,[]
8aafb3d7-571f-11ee-9dc8-b05cda909d91.jpg,[]
8c47da9e-571f-11ee-8c7a-b05cda909d91.jpg,[]
8daeffcc-571f-11ee-bf98-b05cda909d91.jpg,[]
8f386315-571f-11ee-9f79-b05cda909d91.jpg,[]
907734e6-571f-11ee-ab1c-b05cda909d91.jpg,[]
91c0fb99-571f-11ee-a736-b05cda909d91.jpg,[]
930c6ed8-571f-11ee-b84a-b05cda909d91.jpg,[]
945e20ab-571f-11ee-9d51-b05cda909d91.jpg,[]
959b44a1-571f-11ee-b880-b05cda909d91.jpg,[]
96f8d3f2-571f-11ee-9849-b05cda909d91.jpg,[]
9842e89c-571f-11ee-9336-b05cda909d91.jpg,[]
99a35d39-571f-11ee-9573-b05cda909d91.jpg,[]
9b0bb991-571f-11ee-b3dc-b05cda909d91.jpg,[]
9c4402a5-571f-11ee-81e0-b05cda909d91.jpg,[]
9d8ed77d-571f-11ee-b7c2-b05cda909d91.jpg,[]
9ec93f6f-571f-11ee-b90f-b05cda909d91.jpg,[]
a0148bd5-571f-11ee-bee8-b05cda909d91.jpg,[]
a17fa66f-571f-11ee-87b4-b05cda909d91.jpg,[]
a2cd141d-571f-11ee-92f4-b05cda909d91.jpg,[]
a45d063a-571f-11ee-b0b3-b05cda909d91.jpg,[]
a5c4eec2-571f-11ee-a257-b05cda909d91.jpg,[]
a751f90c-571f-11ee-9903-b05cda909d91.jpg,[]
a910eeda-571f-11ee-b66b-b05cda909d91.jpg,[]
aa7a34d5-571f-11ee-a3a1-b05cda909d91.jpg,[]
abcdb8f8-571f-11ee-aa55-b05cda909d91.jpg,[]
ad2ea164-571f-11ee-a50d-b05cda909d91.jpg,[]
aea91abb-571f-11ee-9582-b05cda909d91.jpg,[]
b0119f1e-571f-11ee-ad50-b05cda909d91.jpg,[]
b16744a1-571f-11ee-9439-b05cda909d91.jpg,[]
b2b242fa-571f-11ee-a82e-b05cda909d91.jpg,[]
b40dd7d0-571f-11ee-be28-b05cda909d91.jpg,[]
b571f25b-571f-11ee-bba7-b05cda909d91.jpg,[]
b6c797da-571f-11ee-a1c7-b05cda909d91.jpg,[]
b8489c78-571f-11ee-b7ab-b05cda909d91.jpg,[]
b9a244b9-571f-11ee-be99-b05cda909d91.jpg,[]
bc34c037-571f-11ee-a098-b05cda909d91.jpg,[]
c18677a5-571f-11ee-a27d-b05cda909d91.jpg,[]
c2ceb8a7-571f-11ee-8f6f-b05cda909d91.jpg,[]
c4622741-571f-11ee-8337-b05cda909d91.jpg,[]
c846ad3b-571f-11ee-8198-b05cda909d91.jpg,[]
d30cf421-571f-11ee-94c3-b05cda909d91.jpg,[]
d4577db5-571f-11ee-9197-b05cda909d91.jpg,[]
d666a55e-571f-11ee-b122-b05cda909d91.jpg,[]
d8296815-571f-11ee-88e4-b05cda909d91.jpg,[]
da15b654-571f-11ee-8c43-b05cda909d91.jpg,[]
dcc7b48a-571f-11ee-a349-b05cda909d91.jpg,[]
de2abe54-571f-11ee-ab43-b05cda909d91.jpg,[]
df9258ff-571f-11ee-a6aa-b05cda909d91.jpg,[]
e0e0fd4a-571f-11ee-ab4f-b05cda909d91.jpg,[]
e285026e-571f-11ee-ba32-b05cda909d91.jpg,[]
e3f854b1-571f-11ee-a374-b05cda909d91.jpg,[]
e54b15e7-571f-11ee-98c3-b05cda909d91.jpg,[]
e7308e05-571f-11ee-af67-b05cda909d91.jpg,[]
e88f9ff6-571f-11ee-acda-b05cda909d91.jpg,[]
e9e08dc1-571f-11ee-b7f7-b05cda909d91.jpg,[]
eb5ae02d-571f-11ee-9d36-b05cda909d91.jpg,[]
ed18eff0-571f-11ee-b1ae-b05cda909d91.jpg,[]
ee986e7a-571f-11ee-8ca9-b05cda909d91.jpg,[]
efefe771-571f-11ee-be21-b05cda909d91.jpg,[]
f14c6b55-571f-11ee-bce7-b05cda909d91.jpg,[]
f2a148c0-571f-11ee-8846-b05cda909d91.jpg,[]
f45d0b4f-571f-11ee-8edd-b05cda909d91.jpg,[]
f676b325-571f-11ee-bf72-b05cda909d91.jpg,[]
f7ff7ab3-571f-11ee-8809-b05cda909d91.jpg,[]
fa74c3de-571f-11ee-b071-b05cda909d91.jpg,[]
fc48bd52-571f-11ee-8dd8-b05cda909d91.jpg,[]
fde720f3-571f-11ee-b52f-b05cda909d91.jpg,[]
ff6a94f0-571f-11ee-ac8c-b05cda909d91.jpg,[]
0127bc15-5720-11ee-9840-b05cda909d91.jpg,[]
